id,Workplaces,College,School,Places,Gender
362,t√¢n ch√¢u,studied at tr∆∞·ªùng h·∫° sƒ© quan xe tƒÉng 1,went to tr∆∞·ªùng thcs ph√∫ vƒ©nh,t√¢n ch√¢u,male
363,no workplaces to show,no schools to show,went to thpt ti·ªÉu la - thƒÉng b√¨nh - qu·∫£ng nam,"ha lam, quang nam-da nang, vietnam",female
364,no workplaces to show,no schools to show,no schools to show,no places to show,notknown
365,no workplaces to show,studies at tr∆∞·ªùng ƒë·∫°i h·ªçc giao th√¥ng v·∫≠n t·∫£i tp.hcm,went to thpt nguy·ªÖn c√¥ng tr·ª© - goÃÄ v√¢ÃÅp - hcm (nguyen cong tru),"ho chi minh city, vietnam|dien ban",notknown
366,b√¨nh d∆∞∆°ng province|b√¨nh d∆∞∆°ng province,studied at ƒÉn xong r·ªìi l·∫°i ng·ªß|studied at ƒÉn xong r·ªìi l·∫°i ng·ªß,no schools to show,thu dau mot|ph√∫ long,notknown
367,no workplaces to show,studied h·ªçc b·∫£o v·ªá th·ª±c v·∫≠t - khoa n√¥ng nghi·ªáp at an giang university,no schools to show,long xuy√™n|long xuy√™n,notknown
368,no workplaces to show,studied t√¢n ch√¢u at tr∆∞·ªùng trung h·ªçc c∆° s·ªü chu vƒÉn an,went to thcs chu van an t√¢n ch√¢u an giang,t√¢n ch√¢u|t√¢n ch√¢u,female
369,no workplaces to show,no schools to show,no schools to show,no places to show,female
370,t√¢n ch√¢u,no schools to show,no schools to show,t√¢n ch√¢u|t√¢n ch√¢u,male
371,bql event at kiosk thanh ni√™n - ctump|bql event at kiosk thanh ni√™n - ctump|bql event at kiosk thanh ni√™n - ctump,studies y ƒëa khoa üåΩ at tr∆∞·ªùng ƒë·∫°i h·ªçc y d∆∞·ª£c c·∫ßn th∆°|studies y ƒëa khoa üåΩ at tr∆∞·ªùng ƒë·∫°i h·ªçc y d∆∞·ª£c c·∫ßn th∆°,went to thpt l·∫•p v√≤ 3 - ƒë·ªìng th√°p,can tho|lap vo|ƒë·ªìng th√°p province,male
372,no workplaces to show,no schools to show,no schools to show,"ho chi minh city, vietnam|tr√†m chim, √∞·ªìng th√°p, vietnam",notknown
373,works at ƒÉn r·ªìi b√°o,no schools to show,no schools to show,"angiang, an giang, vietnam|angiang, an giang, vietnam",notknown
374,"works at nh√† h√†ng c√¥ ba x·ª© qu·∫£ng - 144 hai b√† tr∆∞ng, q.1.|works at nh√† h√†ng c√¥ ba x·ª© qu·∫£ng - 144 hai b√† tr∆∞ng, q.1.|works at nh√† h√†ng c√¥ ba x·ª© qu·∫£ng - 144 hai b√† tr∆∞ng, q.1.|works at nh√† h√†ng c√¥ ba x·ª© qu·∫£ng - 144 hai b√† tr∆∞ng, q.1.|works at nh√† h√†ng c√¥ ba x·ª© qu·∫£ng - 144 hai b√† tr∆∞ng, q.1.",studies b·∫øp tr∆∞·ªüng ƒëi·ªÅu h√†nh at h∆∞·ªõng nghi·ªáp √° √¢u,"went to thpt t√¢n ch√¢u, t√¢n ch√¢u, an giang","singapore|ho chi minh city, vietnam|t√¢n ch√¢u",notknown
375,no workplaces to show,no schools to show,no schools to show,"ho chi minh city, vietnam|chaudok, an giang, vietnam",male
376,works at thpt dƒ© an,studied at tr∆∞·ªùng ƒë·∫°i h·ªçc t√†i ch√≠nh - marketing,went to thpt dƒ© an,di an,notknown
377,no workplaces to show,no schools to show,no schools to show,"binh thanh, h·ªì ch√≠ minh, vietnam|ho chi minh city, vietnam",male
378,no workplaces to show,no schools to show,no schools to show,no places to show,male
379,no workplaces to show,no schools to show,no schools to show,no places to show,female
380,no workplaces to show,studied at trung hoc kinh te dong nai,went to tr∆∞·ªùng trung h·ªçc ph·ªï th√¥ng vƒ©nh b√¨nh,bi√™n h√≤a|bi√™n h√≤a,notknown
381,"hanoi, vietnam",no schools to show,no schools to show,"hanoi, vietnam|hanoi, vietnam",female
382,ceo at yemedia|ceo at yemedia|ceo at yemedia,studied at tr∆∞·ªùng ƒë·∫°i h·ªçc ngo·∫°i ng·ªØ - ƒë·∫°i h·ªçc ƒë√† n·∫µng|studied at tr∆∞·ªùng ƒë·∫°i h·ªçc ngo·∫°i ng·ªØ - ƒë·∫°i h·ªçc ƒë√† n·∫µng|studied at tr∆∞·ªùng ƒë·∫°i h·ªçc ngo·∫°i ng·ªØ - ƒë·∫°i h·ªçc ƒë√† n·∫µng,"went to thpt chuy√™n nguy·ªÖn b·ªânh khi√™m, qu·∫£ng nam","ho chi minh city, vietnam|tam ky",notknown
383,no workplaces to show,no schools to show,no schools to show,no places to show,notknown
384,no workplaces to show,studies rang ham mat(rhm) at tr∆∞·ªùng ƒë·∫°i h·ªçc y d∆∞·ª£c c·∫ßn th∆°,went to tr∆∞·ªùng thpt v·ªçng th√™,"can tho|angiang, an giang, vietnam",notknown
385,quality engineer at zalopay|quality engineer at zalopay,studied cntt at chill for you,went to chill for you,"ho chi minh city, vietnam|angiang, an giang, vietnam",male
386,no workplaces to show,no schools to show,no schools to show,t√¢n ch√¢u,male
387,no workplaces to show,no schools to show,no schools to show,no places to show,notknown
388,"ho chi minh city, vietnam|ho chi minh city, vietnam|ho chi minh city, vietnam",studied at tr∆∞·ªùng  cao ƒë·∫≥ng kinh t·∫ø kƒ© thu·∫≠t c·∫ßn th∆°|studied at tr∆∞·ªùng  cao ƒë·∫≥ng kinh t·∫ø kƒ© thu·∫≠t c·∫ßn th∆°,went to thpt l√™ c√¥ng nh√¢n|went to thpt l√™ c√¥ng nh√¢n,"c√† mau|th·ªõi b√¨nh, c√† mau, vietnam",male
389,no workplaces to show,no schools to show,went to tr∆∞·ªùng thcs tr·∫ßn h∆∞ng ƒë·∫°o,bi√™n h√≤a|bi√™n h√≤a,male
390,no workplaces to show,studied ng√¥n ng·ªØ anh (english language) at hutech - ƒë·∫°i h·ªçc c√¥ng ngh·ªá tp.hcm|studied ng√¥n ng·ªØ anh (english language) at hutech - ƒë·∫°i h·ªçc c√¥ng ngh·ªá tp.hcm,went to tr∆∞·ªùng thpt nguy·ªÖn sinh s·∫Øc,"ho chi minh city, vietnam|long thuan, √∞·ªìng th√°p, vietnam",male
391,no workplaces to show,no schools to show,no schools to show,no places to show,male
392,no workplaces to show,studied at tr∆∞·ªùng ƒë·∫°i h·ªçc t√†i ch√≠nh - marketing,no schools to show,"ho chi minh city, vietnam|buon me thuot",notknown
393,no workplaces to show,no schools to show,no schools to show,no places to show,notknown
394,no workplaces to show,no schools to show,no schools to show,di an|t√¢n ch√¢u,notknown
395,no workplaces to show,no schools to show,no schools to show,t√¢n ch√¢u,notknown
396,fan bts at tr∆∞·ªùng thcs ph√∫ l√¢m,studied at tr∆∞·ªùng ƒë·∫°i h·ªçc ƒë·ªìng th√°p,went to tr∆∞·ªùng trung h·ªçc c∆° s·ªü ph√∫ l√¢m,t√¢n ch√¢u|ph√∫ l√¢m,notknown
397,no workplaces to show,no schools to show,no schools to show,no places to show,notknown
398,ƒëang h·ªçc t·∫°i leadership one - bww|ƒëang h·ªçc t·∫°i leadership one - bww,studied at tr∆∞·ªùng thpt l√Ω th∆∞·ªùng ki·ªát,no schools to show,"lagi, thuin hai, vietnam|lagi, thuin hai, vietnam",male
399,no workplaces to show,studied at tr∆∞·ªùng ƒë·∫°i h·ªçc c·∫ßn th∆°,no schools to show,t√¢n ch√¢u|t√¢n ch√¢u,female
400,khoa cntt at hutech - ƒë·∫°i h·ªçc c√¥ng ngh·ªá tp.hcm,studied at hutech - khoa c√¥ng ngh·ªá th√¥ng tin|studied at hutech - khoa c√¥ng ngh·ªá th√¥ng tin,went to thpt c√† mau,"ho chi minh city, vietnam|c√† mau",male
401,no workplaces to show,no schools to show,"went to thpt t√¢n ch√¢u, t√¢n ch√¢u, an giang",t√¢n ch√¢u,female
402,works at thpt ti·ªÉu la - thƒÉng b√¨nh - qu·∫£ng nam,studied at dai hoc quang nam,went to thpt ti·ªÉu la - thƒÉng b√¨nh - qu·∫£ng nam,"thang binh|quang nam, quang nam-da nang, vietnam",notknown
403,works at daklak buon ma thuot,no schools to show,went to tr∆∞·ªùng thpt nguy·ªÖn th·ªã minh khai,"bu√¥n ma thu·ªôt, ƒë·∫Øc l·∫Øk, vietnam|bu√¥n ma thu·ªôt, ƒë·∫Øc l·∫Øk, vietnam",female
404,t√¢n ch√¢u,studied at mekong university,went to tan chau,t√¢n ch√¢u|t√¢n ch√¢u,female
405,no workplaces to show,studied at tr∆∞·ªùng sƒ© quan l·ª•c qu√¢n 2,no schools to show,"l·ªôc ninh, b√¨n ph∆∞·ªõc, vietnam",male
406,no workplaces to show,no schools to show,went to tr∆∞·ªùng thcs nguy·ªÖn th√°i b√¨nh|went to tr∆∞·ªùng thcs nguy·ªÖn th√°i b√¨nh,vung tau|vung tau,male
407,no workplaces to show,no schools to show,no schools to show,"thu dau mot|angiang, an giang, vietnam",notknown
408,no workplaces to show,no schools to show,no schools to show,t√¢n ch√¢u,male
409,no workplaces to show,studies at tr∆∞·ªùng ƒë·∫°i h·ªçc t√†i ch√≠nh - marketing,no schools to show,no places to show,female
410,no workplaces to show,no schools to show,no schools to show,ph√∫ l√¢m,notknown
411,no workplaces to show,no schools to show,no schools to show,"phu quoc, ki·∫øn giang, vietnam",notknown
412,works at ng∆∞·ªùi h∆∞·ªõng n·ªôi,no schools to show,"went to thpt t√¢n ch√¢u, an giang","ph√∫ l√¢m, an giang, vietnam|angiang, an giang, vietnam",male
413,sinh vi√™n at tr∆∞·ªùng ƒë·∫°i h·ªçc t√†i ch√≠nh - marketing,no schools to show,went to tr∆∞·ªùng thpt ca vƒÉn th·ªânh- ca van thinh high school,b·∫øn tre|b·∫øn tre,female
414,no workplaces to show,no schools to show,no schools to show,"ho chi minh city, vietnam|b·∫øn tre",notknown
415,no workplaces to show,no schools to show,no schools to show,ninh b√¨nh,male
416,works at tr∆∞·ªùng ƒë·∫°i h·ªçc c√¥ng ngh·ªá th√¥ng tin - ƒë·∫°i h·ªçc qu·ªëc gia tp.hcm|works at tr∆∞·ªùng ƒë·∫°i h·ªçc c√¥ng ngh·ªá th√¥ng tin - ƒë·∫°i h·ªçc qu·ªëc gia tp.hcm,studied at tr∆∞·ªùng ƒë·∫°i h·ªçc c√¥ng ngh·ªá th√¥ng tin - ƒë·∫°i h·ªçc qu·ªëc gia tp.hcm|studied at tr∆∞·ªùng ƒë·∫°i h·ªçc c√¥ng ngh·ªá th√¥ng tin - ƒë·∫°i h·ªçc qu·ªëc gia tp.hcm,went to ƒëo√†n tr∆∞·ªùng trung h·ªçc th·ª±c h√†nh ƒë·∫°i h·ªçc s∆∞ ph·∫°m tp. h·ªì ch√≠ minh|went to ƒëo√†n tr∆∞·ªùng trung h·ªçc th·ª±c h√†nh ƒë·∫°i h·ªçc s∆∞ ph·∫°m tp. h·ªì ch√≠ minh,"th√†nh ph·ªë h·ªì ch√≠ minh, h·ªì ch√≠ minh, vietnam",male
417,ph√≥ b√≠ th∆∞ at ƒëo√†n h·ªôi khoa k·∫ø to√°n ueh,studies at ueh - tr∆∞·ªùng ƒë·∫°i h·ªçc kinh t·∫ø tp.hcm,went to tr∆∞·ªùng thcs l√™ l·ª£i,"ho chi minh city, vietnam|vinh",male
418,t√¢n ch√¢u,no schools to show,went to thpt nguy·ªÖn quang di√™u,t√¢n ch√¢u|t√¢n ch√¢u,female
419,long xuy√™n|long xuy√™n|long xuy√™n,studied at gia dinh|studied at gia dinh,went to iiss nautico t. di savoia duca di genova|went to iiss nautico t. di savoia duca di genova,"long xuy√™n|angiang, an giang, vietnam|tphcm",male
420,no workplaces to show,no schools to show,no schools to show,h·ªìng ng·ª±|h·ªìng ng·ª±,male
421,di an,studied at h·ªçc vi·ªán h√†ng kh√¥ng ƒÉn kh√¥ng r·ªìi b√°o vi·ªát nam - vietnam aviation academy,no schools to show,"chaudok, an giang, vietnam",notknown
422,no workplaces to show,no schools to show,went to tr∆∞·ªùng thpt h·ªì th·ªã k·ª∑ - c√† mau,c√† mau|c√† mau,female
423,developer program at fpt software,no schools to show,no schools to show,no places to show,male
424,no workplaces to show,studied at hiast - tr∆∞·ªùng cƒë kinh t·∫ø - c√¥ng ngh·ªá tp.hcm,went to tr∆∞·ªùng trung h·ªçc ph·ªï th√¥ng v√µ th·ªã h·ªìng,"ho chi minh city, vietnam|c√† mau",notknown
425,works at ‚ô• my home sweet home ‚ô•,no schools to show,went to thcs ph√∫ th·∫°nh,"ho chi minh city, vietnam|angiang, an giang, vietnam",male
426,works at nab innovation centre vietnam,studied c√¥ng ngh·ªá thong tin at tr∆∞·ªùng ƒë·∫°i h·ªçc c√¥ng ngh·ªá th√¥ng tin - ƒë·∫°i h·ªçc qu·ªëc gia tp.hcm,no schools to show,no places to show,male
427,no workplaces to show,no schools to show,no schools to show,vung tau,notknown
428,no workplaces to show,no schools to show,"went to thpt t√¢n ch√¢u, t√¢n ch√¢u, an giang","t√¢n ch√¢u|angiang, an giang, vietnam",female
429,no workplaces to show,no schools to show,no schools to show,no places to show,notknown
430,no workplaces to show,studies at fpt university da nang,went to tr∆∞·ªùng qu·ªëc h·ªçc - hu·∫ø,"hue, vietnam|hue, vietnam",male
431,"sinh vi√™n at tr∆∞·ªùng ƒë·∫°i h·ªçc c√¥ng ngh·ªá th√¥ng tin, ƒë·∫°i h·ªçc qu·ªëc gia th√†nh ph·ªë h·ªì ch√≠ minh",no schools to show,went to tr·∫ßn vƒÉn ∆°n high school|went to tr·∫ßn vƒÉn ∆°n high school,"binh chuan, song be, vietnam",male
432,no workplaces to show,no schools to show,no schools to show,no places to show,notknown
433,no workplaces to show,no schools to show,no schools to show,"quang nam, quang nam-da nang, vietnam",female
434,works at nitori brvt,no schools to show,no schools to show,ba ria,notknown
435,no workplaces to show,studies qu·∫£n tr·ªã kinh doanh at tr∆∞·ªùng ƒë·∫°i h·ªçc m·ªü tp. hcm | ho chi minh city open university,"went to thpt t√¢n ch√¢u, t√¢n ch√¢u, an giang","long son, an giang, vietnam|angiang, an giang, vietnam",male
436,no workplaces to show,no schools to show,no schools to show,no places to show,notknown
437,no workplaces to show,no schools to show,no schools to show,"angiang, an giang, vietnam|angiang, an giang, vietnam",notknown
438,no workplaces to show,studies at ƒë·∫°i h·ªçc y d∆∞·ª£c tp.hcm,no schools to show,"long xuy√™n|seoul, korea",female
439,no workplaces to show,no schools to show,no schools to show,long xuy√™n|long xuy√™n,male
440,university lecturer at tr∆∞·ªùng ƒë·∫°i h·ªçc c√¥ng ngh·ªá th√¥ng tin - ƒë·∫°i h·ªçc qu·ªëc gia tp.hcm|university lecturer at tr∆∞·ªùng ƒë·∫°i h·ªçc c√¥ng ngh·ªá th√¥ng tin - ƒë·∫°i h·ªçc qu·ªëc gia tp.hcm|university lecturer at tr∆∞·ªùng ƒë·∫°i h·ªçc c√¥ng ngh·ªá th√¥ng tin - ƒë·∫°i h·ªçc qu·ªëc gia tp.hcm|university lecturer at tr∆∞·ªùng ƒë·∫°i h·ªçc c√¥ng ngh·ªá th√¥ng tin - ƒë·∫°i h·ªçc qu·ªëc gia tp.hcm,studies at the university of melbourne,no schools to show,"melbourne, victoria, australia",male
441,no workplaces to show,no schools to show,no schools to show,h·ªìng ng·ª±,notknown
442,works at y·∫øn s√†o kh√°nh ho√†,no schools to show,went to thpt phan chu trinh,"nha trang|songkau, ph√∫ y√™n, vietnam",notknown
443,,,,,
444,no workplaces to show,no schools to show,no schools to show,no places to show,notknown
445,no workplaces to show,studied at truong dai hoc quoc te an nhau,went to tr∆∞·ªùng thpt long m·ªπ,"nhon trach|long my, c·∫©n th·ªè, vietnam",male
446,former ctv at sea to sea,studies at tr∆∞·ªùng ƒë·∫°i h·ªçc kinh t·∫ø th√†nh ph·ªë h·ªì ch√≠ minh,went to thpt chuy√™n l√™ qu√Ω ƒë√¥n,dong ha,male
447,works at youth travel club - uel,studies at tr∆∞·ªùng ƒë·∫°i h·ªçc kinh t·∫ø - lu·∫≠t - ƒëhqg tp. h·ªì ch√≠ minh,"went to thpt s·ªë 2 an nh∆°n, an nh∆°n, b√¨nh ƒë·ªãnh","binh dinh, nghia binh, vietnam|an nhon",female
448,no workplaces to show,"studies at ƒë·∫°i h·ªçc ngo·∫°i th∆∞∆°ng cs2, tp.hcm - ftu",no schools to show,"ho chi minh city, vietnam",notknown
449,qu·∫£n l√Ω at alo mobile - long xuy√™n,studied at ƒë·∫°i h·ªçc an giang,no schools to show,long xuy√™n|long xuy√™n,notknown
450,no workplaces to show,no schools to show,no schools to show,no places to show,female
451,t√¢n ch√¢u,no schools to show,no schools to show,"t√¢n ch√¢u|angiang, an giang, vietnam",notknown
452,no workplaces to show,no schools to show,no schools to show,h·ªìng ng·ª±,male
453,no workplaces to show,no schools to show,goes to tr∆∞∆°ÃÄng thcs phuÃÅ l√¢m,no places to show,female
454,no workplaces to show,no schools to show,no schools to show,"vinh hoa, an giang, vietnam|angiang, an giang, vietnam",male
455,no workplaces to show,no schools to show,"went to thpt t√¢n ch√¢u, t√¢n ch√¢u, an giang","ho chi minh city, vietnam|t√¢n ch√¢u",female
456,no workplaces to show,no schools to show,no schools to show,no places to show,notknown
457,no workplaces to show,studies h·ªçc t·∫°i ƒë·∫°i h·ªçc y d∆∞∆°c hu·∫ø at ƒë·∫°i h·ªçc y d∆∞·ª£c hu·∫ø - hue university of medicine and pharmacy,went to thpt anh s∆°n ii,"cho do luong, ngh·ªá an, vietnam|cho do luong, ngh·ªá an, vietnam",female
458,no workplaces to show,no schools to show,no schools to show,no places to show,notknown
459,works at th√†nh ph·ªë long xuy√™n,no schools to show,no schools to show,long xuy√™n|t√¢n ch√¢u,notknown
460,no workplaces to show,studies at ƒë·∫°i h·ªçc fpt c·∫ßn th∆°,"went to thpt t√¢n ch√¢u, t√¢n ch√¢u, an giang",no places to show,male
461,no workplaces to show,no schools to show,no schools to show,no places to show,notknown
462,no workplaces to show,no schools to show,no schools to show,"ho chi minh city, vietnam|soc trang",male
463,no workplaces to show,no schools to show,no schools to show,no places to show,notknown
464,no workplaces to show,studies at hcm city university of technology,went to thpt phan ch√¢u trinh - ti√™n ph∆∞·ªõc- qu·∫£ng nam,tien phuoc,male
465,no workplaces to show,no schools to show,"went to thpt t√¢n ch√¢u, t√¢n ch√¢u, an giang",long h√≤a|t√¢n ch√¢u,female
466,no workplaces to show,studies khoa k·ªπ thu·∫≠t x√¢y d·ª±ng at tr∆∞·ªùng ƒë·∫°i h·ªçc c·∫ßn th∆°,went to tr∆∞·ªùng thpt l∆∞∆°ng ƒë·ªãnh c·ªßa,can tho|giong rieng,notknown
467,"works at tr∆∞·ªùng ƒë·∫°i h·ªçc c√¥ng ngh·ªá th√¥ng tin, ƒë·∫°i h·ªçc qu·ªëc gia th√†nh ph·ªë h·ªì ch√≠ minh","studies at tr∆∞·ªùng ƒë·∫°i h·ªçc c√¥ng ngh·ªá th√¥ng tin, ƒë·∫°i h·ªçc qu·ªëc gia th√†nh ph·ªë h·ªì ch√≠ minh",went to huynh thuc khang high school,"ho chi minh city, vietnam|van ninh",male
468,no workplaces to show,no schools to show,no schools to show,"hanoi, vietnam|y√™n b√°i",female
469,no workplaces to show,no schools to show,no schools to show,no places to show,notknown
470,no workplaces to show,studies at lac hong university,no schools to show,no places to show,notknown
471,tx h·ªìng ng·ª± - ƒë·ªìng th√°p.,no schools to show,went to thcs ph√∫ long|went to thcs ph√∫ long,"h·ªìng ng·ª±|angiang, an giang, vietnam",female
472,no workplaces to show,no schools to show,no schools to show,no places to show,notknown
473,no workplaces to show,no schools to show,no schools to show,no places to show,notknown
474,no workplaces to show,no schools to show,no schools to show,"t√¢n an, long an",notknown
475,no workplaces to show,no schools to show,no schools to show,no places to show,male
476,no workplaces to show,no schools to show,no schools to show,no places to show,notknown
477,savax|savax|savax,studied social worker at tr∆∞·ªùng ƒë·∫°i h·ªçc lao ƒë·ªông - x√£ h·ªôi,went to thpt b·∫£o l·ªôc - l√¢m ƒë·ªìng,"ho chi minh city, vietnam|bac giang",female
478,no workplaces to show,studied at iuh - tr∆∞·ªùng ƒë·∫°i h·ªçc c√¥ng nghi·ªáp tp.hcm,no schools to show,"ho chi minh city, vietnam|vung tau",male
479,no workplaces to show,no schools to show,no schools to show,no places to show,notknown
480,no workplaces to show,no schools to show,no schools to show,no places to show,female
481,no workplaces to show,studied at thcs cat hiep,went to tr∆∞·ªùng thpt nguy·ªÖn h·ªìng ƒë·∫°o,ph√π c√°t|quy nhon,male
482,no workplaces to show,no schools to show,no schools to show,t√¢n ch√¢u,female
483,t√¢n ch√¢u,studied at thpt duc tri,no schools to show,"c·ªß chi, h·ªì ch√≠ minh, vietnam|t√¢n ch√¢u",male
484,no workplaces to show,no schools to show,no schools to show,"sok trang, s√≥c trƒÉng, vietnam",female
485,maintainer at m·∫°ng m√°y t√≠nh v√† truy·ªÅn th√¥ng|maintainer at m·∫°ng m√°y t√≠nh v√† truy·ªÅn th√¥ng,"studies cybersecurity at tr∆∞·ªùng ƒë·∫°i h·ªçc c√¥ng ngh·ªá th√¥ng tin, ƒë·∫°i h·ªçc qu·ªëc gia th√†nh ph·ªë h·ªì ch√≠ minh",went to chuy√™n l√™ qu√Ω ƒë√¥n ƒë√† n·∫µng / le quy don da nang,"da nang, vietnam|quang nam, quang nam-da nang, vietnam",male
486,no workplaces to show,no schools to show,"went to thpt t√¢n ch√¢u, t√¢n ch√¢u, an giang","angiang, an giang, vietnam",male
487,no workplaces to show,no schools to show,no schools to show,no places to show,female
488,,,,,
489,no workplaces to show,no schools to show,"went to thpt t√¢n ch√¢u, t√¢n ch√¢u, an giang",t√¢n ch√¢u|t√¢n ch√¢u,male
490,works at ƒëo√†n l√¢n s∆∞ r·ªìng vi·ªát an ch√¢u|works at ƒëo√†n l√¢n s∆∞ r·ªìng vi·ªát an ch√¢u,no schools to show,went to t√¢n ch√¢u shop|went to t√¢n ch√¢u shop,t√¢n ch√¢u|t√¢n ch√¢u,notknown
491,no workplaces to show,studies computer science at tr∆∞·ªùng ƒë·∫°i h·ªçc c·∫ßn th∆°,went to tr∆∞·ªùng thpt chuy√™n l√Ω t·ª± tr·ªçng - c·∫ßn th∆°|went to tr∆∞·ªùng thpt chuy√™n l√Ω t·ª± tr·ªçng - c·∫ßn th∆°,no places to show,male
492,no workplaces to show,no schools to show,no schools to show,no places to show,notknown
493,tr∆∞·ªùng ƒë·∫°i h·ªçc quy nh∆°n,studied at tr∆∞·ªùng ƒë·∫°i h·ªçc quy nh∆°n,no schools to show,no places to show,notknown
494,ching luh,no schools to show,went to thpt chu vƒÉn an - an giang,"cho moi, an giang",male
495,works at tr∆∞·ªùng qu·ªëc h·ªçc - hu·∫ø,no schools to show,no schools to show,"hue, vietnam|hue, vietnam",female
496,no workplaces to show,no schools to show,no schools to show,no places to show,male
497,no workplaces to show,"studied at tr∆∞·ªùng ƒë·∫°i h·ªçc khoa h·ªçc t·ª± nhi√™n, ƒë·∫°i h·ªçc qu·ªëc gia tp.hcm",went to tr∆∞·ªùng thpt s·ªë 2 m·ªô ƒë·ª©c - qu·∫£ng ng√£i,"m·ªô ƒë·ª©c, qu·∫£ng ng√£i, vietnam",notknown
498,homepub|homepub|homepub|homepub|homepub,studies at tr∆∞·ªùng ƒë·∫°i h·ªçc lu·∫≠t tp. h·ªì ch√≠ minh,no schools to show,no places to show,notknown
499,no workplaces to show,no schools to show,no schools to show,"ho chi minh city, vietnam",female
500,no workplaces to show,no schools to show,no schools to show,"singapore|ho chi minh city, vietnam",notknown
501,no workplaces to show,no schools to show,no schools to show,no places to show,female
502,no workplaces to show,no schools to show,no schools to show,"angiang, an giang, vietnam|long xuy√™n",notknown
503,no workplaces to show,no schools to show,"went to thpt t√¢n ch√¢u, t√¢n ch√¢u, an giang",t√¢n ch√¢u|t√¢n ch√¢u,female
504,no workplaces to show,no schools to show,no schools to show,"ho chi minh city, vietnam|ho chi minh city, vietnam",notknown
505,no workplaces to show,no schools to show,no schools to show,no places to show,male
506,no workplaces to show,studies at tr∆∞·ªùng ƒë·∫°i h·ªçc ngo·∫°i th∆∞∆°ng - c∆° s·ªü ii|studies at tr∆∞·ªùng ƒë·∫°i h·ªçc ngo·∫°i th∆∞∆°ng - c∆° s·ªü ii,went to th·ª±c h√†nh s∆∞ ph·∫°m tr√† vinh,"ho chi minh city, vietnam|tra vinh",female
507,no workplaces to show,no schools to show,no schools to show,tra vinh|tra vinh,notknown
508,no workplaces to show,no schools to show,went to thpt dl vƒÉn hi·∫øn,"ho chi minh city, vietnam|long khanh",female
509,no workplaces to show,studied c√¥ng ngh√™Ã£ kiÃÉ thu√¢Ã£t √¥t√¥ at c·ª±u sv & sinh vi√™n tr∆∞·ªùng ƒë·∫°i h·ªçc s∆∞ ph·∫°m k·ªπ thu·∫≠t tp.hcm,went to thcs long th·∫°nh,"ho chi minh city, vietnam|t√¢n ch√¢u",male
510,no workplaces to show,no schools to show,no schools to show,phu hoa|phu hoa,notknown
511,no workplaces to show,no schools to show,no schools to show,no places to show,male
512,works at kho b·ªâm s·ªâ gi√° t·ªët,no schools to show,no schools to show,"hanoi, vietnam|hanoi, vietnam",female
513,no workplaces to show,studied at tr∆∞·ªùng ƒë·∫°i h·ªçc vƒÉn lang,"goes to thpt t√¢n ch√¢u, an giang",t√¢n ch√¢u|long ph√∫,female
514,no workplaces to show,no schools to show,no schools to show,no places to show,male
515,former truong thcs ƒëao huu canh at truong cao dang my thuat trang tri dong nai,studied su pham my thuat at tr∆∞·ªùng ƒë·∫°i h·ªçc ƒë·ªìng th√°p|studied su pham my thuat at tr∆∞·ªùng ƒë·∫°i h·ªçc ƒë·ªìng th√°p,went to truong thpt thanh my tay,long xuy√™n|chau phu,female
516,worked at truong dhag,studied at an giang,went to tr∆∞·ªùng thcs ph√∫ th·∫°nh,"long xuy√™n|tan phu, vietnam",female
517,no workplaces to show,"studies at tr∆∞·ªùng ƒë·∫°i h·ªçc khoa h·ªçc t·ª± nhi√™n, ƒë·∫°i h·ªçc qu·ªëc gia tp.hcm",no schools to show,"ho chi minh city, vietnam",male
518,t√¢n ch√¢u,no schools to show,no schools to show,t√¢n ch√¢u,male
519,no workplaces to show,no schools to show,no schools to show,no places to show,male
520,no workplaces to show,no schools to show,no schools to show,no places to show,notknown
521,no workplaces to show,no schools to show,no schools to show,no places to show,notknown
522,no workplaces to show,no schools to show,went to thpt dƒ© an,no places to show,male
523,t·∫•m r·ª≠a b√†n gh·∫ø at thpt nguy·ªÖn vƒÉn linh|t·∫•m r·ª≠a b√†n gh·∫ø at thpt nguy·ªÖn vƒÉn linh,studied at ƒë·∫°i h·ªçc x√¢y d·ª±ng mi·ªÅn trung,went to thcs l∆∞∆°ng t·∫•n th·ªãnh,tuy h√≤a|tuy h√≤a,male
524,no workplaces to show,no schools to show,no schools to show,no places to show,notknown
525,ba ria,studied at tr∆∞·ªùng cao ƒë·∫≥ng k·ªπ thu·∫≠t c√¥ng ngh·ªá b√† r·ªãa - v≈©ng t√†u,went to thcs & thpt gi·ªìng th·ªã ƒëam,"ho chi minh city, vietnam|h·ªìng ng·ª±",notknown
526,no workplaces to show,no schools to show,went to thpt lai vung 1,lai vung|lai vung,female
527,"ho chi minh city, vietnam",studied at tr∆∞·ªùng ƒë·∫°i h·ªçc m·ªü tp. hcm - t∆∞ v·∫•n tuy·ªÉn sinh,went to tr∆∞·ªùng thpt nguy·ªÖn hu·ªá,"ho chi minh city, vietnam",female
528,no workplaces to show,no schools to show,no schools to show,no places to show,male
529,works at thcs lam son 2 - quan 6,studied at thcs lam son 2 - quan 6,went to ban cong lam son,"ho chi minh city, vietnam|ho chi minh city, vietnam",female
530,no workplaces to show,studied c√¥ng ngh·ªá k·ªπ thu·∫≠t nhi·ªát -ƒëi·ªán l·∫°nh at ƒë·∫°i h·ªçc nha trang,no schools to show,s√¥ng c·∫ßu|s√¥ng c·∫ßu,male
531,no workplaces to show,no schools to show,no schools to show,no places to show,male
532,no workplaces to show,no schools to show,no schools to show,"·∫•p ph√∫ h·ªØu, an giang, vietnam|angiang, an giang, vietnam",male
533,no workplaces to show,studied at khoa k·ªπ thu·∫≠t x√¢y d·ª±ng - faculty of civil engineering - hcmut|studied at khoa k·ªπ thu·∫≠t x√¢y d·ª±ng - faculty of civil engineering - hcmut,no schools to show,"ho chi minh city, vietnam|ch√¢u th√†nh, ti·ªÅn giang, vietnam",male
534,no workplaces to show,no schools to show,no schools to show,"ho chi minh city, vietnam|b·∫øn tre",female
535,no workplaces to show,no schools to show,no schools to show,"hanoi, vietnam|anh son",male
536,no workplaces to show,no schools to show,no schools to show,no places to show,female
537,no workplaces to show,no schools to show,no schools to show,no places to show,male
538,works at thpt th√°p m∆∞·ªùi - ƒë·ªìng th√°p,studied ƒëi·ªán t·ª± ƒë·ªông t√†u th·ªßy at tr∆∞·ªùng ƒë·∫°i h·ªçc giao th√¥ng v·∫≠n t·∫£i tp.hcm|studied ƒëi·ªán t·ª± ƒë·ªông t√†u th·ªßy at tr∆∞·ªùng ƒë·∫°i h·ªçc giao th√¥ng v·∫≠n t·∫£i tp.hcm,went to thpt th√°p m∆∞·ªùi - ƒë·ªìng th√°p,"ho chi minh city, vietnam|thap muoi",male
539,no workplaces to show,no schools to show,no schools to show,no places to show,notknown
540,works at aisia research lab,studies data science at university of information technology - vnuhcm|studies data science at university of information technology - vnuhcm,went to tr∆∞·ªùng thpt nguy·ªÖn vi·ªát h·ªìng,"ho chi minh city, vietnam",notknown
541,no workplaces to show,studied at iuh - vi·ªán ƒët qu·ªëc t·∫ø & sau ƒë·∫°i h·ªçc - ƒëh c√¥ng nghi·ªáp tp.hcm,no schools to show,no places to show,male
542,no workplaces to show,no schools to show,went to thpt l√Ω t·ª± tr·ªçng nha trang - kh√°nh h√≤a,"ho chi minh city, vietnam|nha trang",notknown
543,no workplaces to show,no schools to show,no schools to show,can tho|can tho,male
544,no workplaces to show,no schools to show,"went to thpt t√¢n ch√¢u, t√¢n ch√¢u, an giang",no places to show,female
545,works at big hit entertainment,no schools to show,no schools to show,"t√¢n an, long an",notknown
546,no workplaces to show,no schools to show,no schools to show,t√¢n ch√¢u|t√¢n ch√¢u,female
547,no workplaces to show,no schools to show,no schools to show,"ho chi minh city, vietnam|chaudok, an giang, vietnam",male
548,t√¢n ch√¢u|t√¢n ch√¢u,no schools to show,went to d·∫°y h·ªçc phun xƒÉm phun th√™u th·∫©m m·ªπ,t√¢n ch√¢u|t√¢n ch√¢u,male
549,no workplaces to show,studies at tr∆∞·ªùng ƒë·∫°i h·ªçc c√¥ng ngh·ªá th√¥ng tin - ƒë·∫°i h·ªçc qu·ªëc gia tp.hcm,went to tr∆∞·ªùng thcs - thpt nguy·ªÖn khuy·∫øn c∆° s·ªü 4,"ho chi minh city, vietnam|bu√¥n ma thu·ªôt, ƒë·∫Øc l·∫Øk, vietnam",male
550,no workplaces to show,"studies at thpt t√¢n ch√¢u, an giang","went to thpt t√¢n ch√¢u, t√¢n ch√¢u, an giang",t√¢n ch√¢u|osaka,notknown
551,works at taxi mailinh khu v·ª±c long th√†nh nh∆°n tr·∫°ch t·ªânh ƒë·ªìng nai|works at taxi mailinh khu v·ª±c long th√†nh nh∆°n tr·∫°ch t·ªânh ƒë·ªìng nai|works at taxi mailinh khu v·ª±c long th√†nh nh∆°n tr·∫°ch t·ªânh ƒë·ªìng nai,studied at tr∆∞·ªùng ƒë·∫°i h·ªçc m·ªü tp. hcm - t∆∞ v·∫•n tuy·ªÉn sinh|studied at tr∆∞·ªùng ƒë·∫°i h·ªçc m·ªü tp. hcm - t∆∞ v·∫•n tuy·ªÉn sinh,went to tr∆∞·ªùng thpt tr·∫ßn h∆∞ng ƒë·∫°o - mang yang - gia lai,"ho chi minh city, vietnam|quy nhon",male
552,no workplaces to show,no schools to show,no schools to show,thu dau mot,notknown
553,no workplaces to show,no schools to show,goes to thpt dƒ© an|goes to thpt dƒ© an,di an,female
554,no workplaces to show,no schools to show,no schools to show,"m√≥ng c√°i, vietnam",male
555,no workplaces to show,no schools to show,no schools to show,"toshima, tokyo",notknown
556,no workplaces to show,no schools to show,went to thpt lai vung 3,lai vung,notknown
557,founder/manager at to the moon homestay|founder/manager at to the moon homestay,studied at arena multimedia|studied at arena multimedia,went to ÏÇºÏú°,"hanoi, vietnam|hanoi, vietnam",female
558,no workplaces to show,no schools to show,no schools to show,"ho chi minh city, vietnam",male
559,no workplaces to show,no schools to show,no schools to show,"dong thap, hoang lien son, vietnam|lai vung",female
560,founder at phan studio orderchina,no schools to show,no schools to show,"ap binh duong (1), vietnam",female
561,no workplaces to show,no schools to show,went to thpt t√¢n ch√¢u,"ho chi minh city, vietnam|t√¢n ch√¢u",female
562,no workplaces to show,no schools to show,no schools to show,"angiang, an giang, vietnam|angiang, an giang, vietnam",notknown
563,no workplaces to show,studies at ueh - tr∆∞·ªùng ƒë·∫°i h·ªçc kinh t·∫ø tp.hcm,no schools to show,"ho chi minh city, vietnam",notknown
564,works at h·ªçc sinh tr∆∞·ªùng thpt,no schools to show,went to tr∆∞·ªùng thpt t√¢n ch√¢u,no places to show,female
565,no workplaces to show,studies at hutech - ƒë·∫°i h·ªçc c√¥ng ngh·ªá tp.hcm,no schools to show,"ho chi minh city, vietnam|t√¢n ch√¢u",female
566,no workplaces to show,no schools to show,no schools to show,no places to show,male
567,,,,,
568,no workplaces to show,no schools to show,no schools to show,"ho chi minh city, vietnam|t√¢n ch√¢u",male
569,works at c√¥ng ty tnhh ci bao,no schools to show,no schools to show,long khanh,notknown
570,no workplaces to show,no schools to show,went to thpt dƒ© an,di an|di an,male
571,no workplaces to show,studied at cao ƒë·∫≥ng c√¥ng ngh·ªá th·ªß ƒë·ª©c,no schools to show,h·ªìng ng·ª±|h·ªìng ng·ª±,notknown
572,no workplaces to show,no schools to show,"went to thpt t√¢n ch√¢u, t√¢n ch√¢u, an giang",t√¢n ch√¢u|t√¢n ch√¢u,male
573,no workplaces to show,no schools to show,no schools to show,"ho chi minh city, vietnam|da lat",male
574,no workplaces to show,no schools to show,no schools to show,no places to show,notknown
575,"ho chi minh city, vietnam",studied at ho chi minh city university of technology,"went to thpt t√¢n ch√¢u, an giang","ho chi minh city, vietnam|t√¢n ch√¢u",male
576,no workplaces to show,no schools to show,no schools to show,bi√™n h√≤a|long th√†nh,male
577,no workplaces to show,no schools to show,no schools to show,no places to show,notknown
578,no workplaces to show,no schools to show,"went to tr∆∞∆°ÃÄng thpt tr√¢ÃÄn phuÃÅ, ch∆∞pr√¥ng, gia lai",no places to show,female
579,no workplaces to show,studies y ƒëa khoa at tr∆∞·ªùng ƒë·∫°i h·ªçc y-d∆∞·ª£c c·∫ßn th∆°,no schools to show,no places to show,female
580,no workplaces to show,no schools to show,"went to thpt nguy·ªÖn th·ªã minh khai, m·ªè c√†y nam, b·∫øn tre",b·∫øn tre|b·∫øn tre,male
581,no workplaces to show,no schools to show,no schools to show,"ap binh duong (1), vietnam|ap binh duong (1), vietnam",notknown
582,works at binh duong - viet nam,no schools to show,no schools to show,no places to show,notknown
583,works at ƒëo√†n - h·ªôi khoa ng√¢n h√†ng ueh,studies at ueh - tr∆∞·ªùng ƒë·∫°i h·ªçc kinh t·∫ø tp.hcm,went to thpt l·ªôc ninh,"binh phuoc, vietnam|h√† tƒ©nh",female
584,no workplaces to show,no schools to show,no schools to show,"ho chi minh city, vietnam|t√¢n ch√¢u",male
585,no workplaces to show,no schools to show,no schools to show,t√¢n ch√¢u,female
586,works at vi·ªán th·∫©m m·ªπ diva,studied at seoul academy h·ªá th·ªëng ƒë√†o t·∫°o th·∫©m m·ªπ chuy√™n nghi·ªáp,went to thpt ƒë√¥ng th·∫°nh,"ho chi minh city, vietnam|can giuoc",female
587,no workplaces to show,no schools to show,no schools to show,"da dang, quang nam-da nang, vietnam|quang nam, quang nam-da nang, vietnam|da dang, quang nam-da nang, vietnam",notknown
588,works at h·ªçc vi·ªán t√†i ch√≠nh (academy of finance)|works at h·ªçc vi·ªán t√†i ch√≠nh (academy of finance),studied t√†i ch√≠nh- ch·ª©ng kho√°n at tr∆∞·ªùng ƒë·∫°i h·ªçc c·∫ßn th∆°|studied t√†i ch√≠nh- ch·ª©ng kho√°n at tr∆∞·ªùng ƒë·∫°i h·ªçc c·∫ßn th∆°,no schools to show,cao l√£nh|cao l√£nh,female
589,t√¢n ch√¢u,no schools to show,went to thcs chu van an t√¢n ch√¢u an giang,t√¢n ch√¢u|t√¢n ch√¢u,male
590,no workplaces to show,no schools to show,no schools to show,"hanoi, vietnam",notknown
591,no workplaces to show,studied qu·∫£n tr·ªã kinh doanh at tr∆∞·ªùng ƒë·∫°i h·ªçc ngo·∫°i ng·ªØ - ƒë·∫°i h·ªçc qu·ªëc gia h√† n·ªôi,no schools to show,"ho chi minh city, vietnam|hanoi, vietnam",notknown
592,no workplaces to show,no schools to show,no schools to show,ben cat,female
593,no workplaces to show,no schools to show,"went to thpt t√¢n ch√¢u, t√¢n ch√¢u, an giang|went to thpt t√¢n ch√¢u, t√¢n ch√¢u, an giang","angiang, an giang, vietnam",male
594,works at mobifone an giang|works at mobifone an giang|works at mobifone an giang,studied at tr∆∞·ªùng ƒë·∫°i h·ªçc c·∫ßn th∆°,no schools to show,can tho,male
595,works at udnd x√£ b√¨nh th·∫°nh ƒë√¥ng,studied at an giang university,went to thpt b√¨nh th·∫°nh ƒë√¥ng,"angiang, an giang, vietnam|angiang, an giang, vietnam",female
596,no workplaces to show,no schools to show,no schools to show,no places to show,notknown
597,no workplaces to show,"studies information of technology (it) at tr∆∞·ªùng ƒë·∫°i h·ªçc c√¥ng ngh·ªá th√¥ng tin, ƒë·∫°i h·ªçc qu·ªëc gia th√†nh ph·ªë h·ªì ch√≠ minh",went to tr∆∞·ªùng thpt ƒëo√†n vƒÉn t·ªë,"th·ªß ƒë·ª©c, h·ªì ch√≠ minh, vietnam|soc trang",male
598,no workplaces to show,no schools to show,"went to thpt  b·∫Øc tr√† my, b·∫Øc tr√† my, qu·∫£ng nam","tr√† my, quang nam-da nang, vietnam|tr√† my, quang nam-da nang, vietnam",female
599,works at th√†nh ph·ªë saƒë√©c,no schools to show,no schools to show,no places to show,male
600,no workplaces to show,no schools to show,no schools to show,"angiang, an giang, vietnam",male
601,former photographer at tran phu media|former photographer at tran phu media,studies at tr∆∞·ªùng ƒë·∫°i h·ªçc c√¥ng ngh·ªá th√¥ng tin - ƒë·∫°i h·ªçc qu·ªëc gia tp.hcm,went to tr∆∞·ªùng thpt tr·∫ßn ph√∫ tphcm|went to tr∆∞·ªùng thpt tr·∫ßn ph√∫ tphcm,"ho chi minh city, vietnam|ho chi minh city, vietnam",female
602,no workplaces to show,no schools to show,no schools to show,quang ngai|son tinh,male
603,no workplaces to show,no schools to show,went to tr∆∞·ªùng m·∫ßm non,no places to show,female
604,no workplaces to show,no schools to show,no schools to show,no places to show,male
605,works at l√†m c√¥ng ƒÉn l∆∞∆°ng,no schools to show,no schools to show,"ho chi minh city, vietnam|giong rieng",notknown
606,works at trung t√¢m luy·ªán thi v∆∞∆°ng ng·ªçc,studies s∆∞ ph·∫°m to√°n h·ªçc at tr∆∞·ªùng ƒë·∫°i h·ªçc s∆∞ ph·∫°m th√†nh ph·ªë h·ªì ch√≠ minh - hcmue,went to tr∆∞·ªùng thpt m·∫°c ƒëƒ©nh chi|went to tr∆∞·ªùng thpt m·∫°c ƒëƒ©nh chi,"ho chi minh city, vietnam|vƒ©nh long",female
607,no workplaces to show,no schools to show,no schools to show,no places to show,male
608,no workplaces to show,no schools to show,no schools to show,no places to show,notknown
609,no workplaces to show,no schools to show,no schools to show,no places to show,male
610,"works at th·ªã tr·∫•n thu·∫≠n nam, huy·ªán h√†m thu·∫≠n nam, t·ªânh b√¨nh thu·∫≠n",studied at anh s·∫Ω ƒë·ª£i ƒë·ªÉ l√†m ng∆∞·ªùi y√™u cu·ªëi c·ªßa em|studied at anh s·∫Ω ƒë·ª£i ƒë·ªÉ l√†m ng∆∞·ªùi y√™u cu·ªëi c·ªßa em,no schools to show,"ph√∫ l√¢m, an giang, vietnam|t√¢n ch√¢u",notknown
611,t√¢n ch√¢u,studied c√¥ng ngh·ªá th√¥ng tin at chill for you,went to thcs long th·∫°nh,t√¢n ch√¢u|t√¢n ch√¢u,male
612,no workplaces to show,no schools to show,no schools to show,no places to show,notknown
613,no workplaces to show,no schools to show,no schools to show,no places to show,notknown
614,works at nha khoa emedic dental long xuy√™n|works at nha khoa emedic dental long xuy√™n,no schools to show,no schools to show,long xuy√™n|long xuy√™n,notknown
615,t√¢n ch√¢u,no schools to show,"went to thpt t√¢n ch√¢u, t√¢n ch√¢u, an giang",t√¢n ch√¢u|t√¢n ch√¢u,notknown
616,works at th√†nh ph·ªë h·ªì ch√≠ minh,no schools to show,no schools to show,"ho chi minh city, vietnam|angiang, an giang, vietnam",notknown
617,no workplaces to show,no schools to show,no schools to show,no places to show,male
618,no workplaces to show,no schools to show,no schools to show,"phan rang-th√°p ch√†m, ninh thu·∫≠n, vietnam",female
619,no workplaces to show,no schools to show,no schools to show,t√¢n ch√¢u|ph√∫ l√¢m,female
620,no workplaces to show,studied at ƒë·∫°i h·ªçc an giang,"went to thpt t√¢n ch√¢u, t√¢n ch√¢u, an giang",long xuy√™n|t√¢n ch√¢u,notknown
621,studying at ƒë·∫°i gia ƒë√¨nh thpt chuy√™n l√Ω t·ª± tr·ªçng,studied y ƒëa khoa at truong dai hoc y duoc can tho,went to thpt chuy√™n l√Ω t·ª± tr·ªçng,can tho|can tho,female
622,no workplaces to show,no schools to show,no schools to show,no places to show,notknown
623,no workplaces to show,studied d∆∞·ª£c sƒ© at ƒë·∫°i h·ªçc y d∆∞·ª£c th√†nh ph·ªë h·ªì ch√≠ minh|studied d∆∞·ª£c sƒ© at ƒë·∫°i h·ªçc y d∆∞·ª£c th√†nh ph·ªë h·ªì ch√≠ minh,"went to thpt t√¢n ch√¢u, t√¢n ch√¢u, an giang","ho chi minh city, vietnam|t√¢n ch√¢u",female
624,no workplaces to show,no schools to show,no schools to show,long xuy√™n|an phu,male
625,thu dau mot,no schools to show,"went to thpt t√¢n ch√¢u, an giang",no places to show,female
626,no workplaces to show,no schools to show,no schools to show,no places to show,male
627,no workplaces to show,no schools to show,went to tr∆∞·ªùng thpt phan vƒÉn ƒë·∫°t,"long an, ti·ªÅn giang, vietnam",notknown
628,no workplaces to show,no schools to show,no schools to show,giao thuy,male
629,"t·ªânh l·ªô 953, t·ªânh an giang, tx. t√¢n ch√¢u|t·ªânh l·ªô 953, t·ªânh an giang, tx. t√¢n ch√¢u",no schools to show,"went to thpt t√¢n ch√¢u, t√¢n ch√¢u, an giang","angiang, an giang, vietnam|angiang, an giang, vietnam",notknown
630,no workplaces to show,no schools to show,no schools to show,"ho chi minh city, vietnam|thanh ba",notknown
631,works at binh duong - viet nam,no schools to show,went to thpt t·ªãnh bi√™n,"chaudok, an giang, vietnam|tinh bien|chaudok, an giang, vietnam",notknown
632,no workplaces to show,no schools to show,no schools to show,no places to show,notknown
633,no workplaces to show,studied tin h·ªçc at ƒë·∫°i h·ªçc s∆∞ ph·∫°m k·ªπ thu·∫≠t vƒ©nh long|studied tin h·ªçc at ƒë·∫°i h·ªçc s∆∞ ph·∫°m k·ªπ thu·∫≠t vƒ©nh long,went to tr∆∞·ªùng thpt h·ªìng ng·ª± 2- ƒë·ªìng th√°p,no places to show,male
634,no workplaces to show,no schools to show,went to thcs quang trung t√¢n b√¨nh,"ho chi minh city, vietnam",female
635,works at vi·ªán kh·ªüi nghi·ªáp th·ª±c t·∫ø|works at vi·ªán kh·ªüi nghi·ªáp th·ª±c t·∫ø,studied at tr∆∞·ªùng ƒë·∫°i h·ªçc ng√¢n h√†ng tp. h·ªì ch√≠ minh - hub,no schools to show,"ho chi minh city, vietnam",notknown
636,no workplaces to show,no schools to show,no schools to show,"angiang, an giang, vietnam",notknown
637,works at cty tnhh nidec sankyo vietnam,no schools to show,went to thcs tr·∫ßn qu·ªëc to·∫£n-q9|went to thcs tr·∫ßn qu·ªëc to·∫£n-q9,"ho chi minh city, vietnam|ho chi minh city, vietnam",female
638,no workplaces to show,studies at tr∆∞·ªùng ƒë·∫°i h·ªçc s∆∞ ph·∫°m k·ªπ thu·∫≠t tp.hcm,no schools to show,t√¢n ch√¢u,male
639,works at th√†nh ph·ªë c·∫ßn th∆°,studied at ƒë·∫°i h·ªçc y d∆∞·ª£c c·∫ßn th∆°,no schools to show,can tho|can tho,notknown
640,works at c√¥ng ty t√†i ch√≠nh tnhh mtv home credit vi·ªát nam,studied at hutech - ƒë·∫°i h·ªçc c√¥ng ngh·ªá tp.hcm,went to tho·∫°i ng·ªçc h·∫ßu high school,"ho chi minh city, vietnam|ho chi minh city, vietnam",notknown
641,no workplaces to show,no schools to show,no schools to show,no places to show,male
642,tr∆∞·ªüng ƒëo√†n at ƒëo√†n l√¢n s∆∞ r·ªìng thanh anh ti·ªÅn giang - qing ying viet nam|tr∆∞·ªüng ƒëo√†n at ƒëo√†n l√¢n s∆∞ r·ªìng thanh anh ti·ªÅn giang - qing ying viet nam,no schools to show,went to thcs v√µ duy linh|went to thcs v√µ duy linh,"g√≤ c√¥ng|tan thanh, ti·ªÅn giang, vietnam",male
643,no workplaces to show,studied at tr∆∞·ªùng ƒë·∫°i h·ªçc y d∆∞·ª£c c·∫ßn th∆°,no schools to show,can tho|soc trang,notknown
644,no workplaces to show,no schools to show,no schools to show,no places to show,male
645,no workplaces to show,studies foreign languages at tr∆∞·ªùng ƒë·∫°i h·ªçc vƒÉn lang,no schools to show,t√¢n ch√¢u|t√¢n ch√¢u,female
646,no workplaces to show,no schools to show,no schools to show,"angiang, an giang, vietnam|t√¢n ch√¢u",notknown
647,no workplaces to show,no schools to show,no schools to show,"cho moi, an giang",male
648,eigenaar at yougee store,studied at tr∆∞·ªùng ƒë·∫°i h·ªçc lu·∫≠t tp. h·ªì ch√≠ minh,no schools to show,"ho chi minh city, vietnam",notknown
649,works at ng√¢n h√†ng shinhan (shinhan bank)|works at ng√¢n h√†ng shinhan (shinhan bank)|works at ng√¢n h√†ng shinhan (shinhan bank)|works at ng√¢n h√†ng shinhan (shinhan bank),no schools to show,went to thpt nguy·ªÖn quang di√™u,"angiang, an giang, vietnam",female
650,chuy√™n ƒë√†o t·∫°o b√°n h√†ng t·ª´ s·ªâ l√™n c·∫•p cao h∆°n|chuy√™n ƒë√†o t·∫°o b√°n h√†ng t·ª´ s·ªâ l√™n c·∫•p cao h∆°n,no schools to show,no schools to show,"t√¢n ch√¢u|angiang, an giang, vietnam",female
651,tiktok ng≈© t·∫•n ph√°t - anh c√° r√¥|tiktok ng≈© t·∫•n ph√°t - anh c√° r√¥,no schools to show,"went to thpt t√¢n ch√¢u, t√¢n ch√¢u, an giang",long thanh|t√¢n ch√¢u,male
652,no workplaces to show,studied qu·∫£n tr·ªã du l·ªãch & kh√°ch s·∫°n chu·∫©n psu at duy tan university,no schools to show,"da nang, vietnam|quang nam, quang nam-da nang, vietnam",notknown
653,no workplaces to show,no schools to show,no schools to show,"ho chi minh city, vietnam|ho chi minh city, vietnam",notknown
654,"t√¢n an, long an",no schools to show,went to tr∆∞·ªùng thpt phan vƒÉn ƒë·∫°t,"t√¢n an, long an",notknown
655,no workplaces to show,no schools to show,no schools to show,"ho chi minh city, vietnam",notknown
656,v·∫≠n ƒë·ªông vi√™n at t√¢n b√¨nh chess|v·∫≠n ƒë·ªông vi√™n at t√¢n b√¨nh chess,studies lu·∫≠t th∆∞∆°ng m·∫°i at tr∆∞·ªùng ƒë·∫°i h·ªçc lu·∫≠t tp. h·ªì ch√≠ minh,went to tr∆∞·ªùng thpt nguy·ªÖn an ninh qu·∫≠n 10|went to tr∆∞·ªùng thpt nguy·ªÖn an ninh qu·∫≠n 10,"ho chi minh city, vietnam|ho chi minh city, vietnam",notknown
657,no workplaces to show,no schools to show,no schools to show,no places to show,male
658,no workplaces to show,no schools to show,no schools to show,"pleiku|gia lai, gia lai, vietnam",female
659,no workplaces to show,no schools to show,went to thpt dƒ© an,di an|h√† tƒ©nh,female
660,works at ti·ªám nh√† g·∫°o,no schools to show,no schools to show,"ho chi minh city, vietnam|t√¢n ch√¢u",female
661,no workplaces to show,no schools to show,no schools to show,no places to show,male
